,Year,Total Revenue,New Customer Revenue,Existing Customer Growth,Revenue Lost From Attrition,Existing Customer Revenue (Current),Existing Customer Revenue (Previous),Total Customers (Current),Total Customers (Previous),New Customers,Lost Customers
0,2015,29036749.18999953,29036749.18999953,0,0,0,0,231294,0,231294,0
1,2016,25730943.58999988,18245491.010000203,20335.4599999981,21571632.06999952,7485452.5800000075,7465117.120000009,204646,231294,145062,171710
2,2017,31417495.02999995,28776235.04,20611.340000017546,23110294.93999989,2641259.990000008,2620648.6499999906,249987,204646,229028,183687
